               epoch,      train/box_loss,      train/obj_loss,      train/cls_loss,   metrics/precision,      metrics/recall,     metrics/mAP_0.5,metrics/mAP_0.5:0.95,        val/box_loss,        val/obj_loss,        val/cls_loss,               x/lr0,               x/lr1,               x/lr2
                   0,             0.12009,            0.043272,            0.030431,            0.004749,            0.011364,           0.0010371,          0.00028743,             0.12126,            0.036637,            0.031079,               3e-05,               3e-05,             0.09973
                   1,             0.12073,            0.044831,            0.030318,           0.0039208,            0.017536,           0.0011134,          0.00028316,             0.11981,            0.036481,            0.030881,          6.9998e-05,          6.9998e-05,             0.09937
                   2,             0.11708,             0.05177,            0.030187,           0.0056282,            0.023218,           0.0011101,          0.00031112,             0.11762,            0.036661,            0.030537,          0.00010998,          0.00010998,             0.09901
                   3,             0.11777,            0.043705,            0.029939,           0.0049408,            0.023218,           0.0013649,          0.00034351,             0.11538,              0.0369,            0.030129,          0.00014995,          0.00014995,             0.09865
                   4,             0.11493,            0.048616,            0.029005,           0.0072862,            0.034582,            0.002346,           0.0003934,             0.11282,            0.037376,            0.029627,          0.00018989,          0.00018989,             0.09829
                   5,             0.11201,            0.045883,            0.029233,           0.0093798,            0.017045,           0.0025852,          0.00059131,             0.11029,            0.037912,            0.029082,           0.0002298,           0.0002298,             0.09793
                   6,             0.11163,            0.045277,            0.028704,            0.012117,            0.017045,           0.0029577,          0.00075521,              0.1079,            0.038466,              0.0285,          0.00026965,          0.00026965,             0.09757
                   7,             0.10039,            0.043069,            0.026098,           0.0084777,            0.056818,           0.0036633,           0.0010918,             0.10569,            0.038958,            0.027864,          0.00030946,          0.00030946,            0.097209
                   8,              0.1063,            0.048725,            0.027137,            0.025204,            0.017045,            0.011395,           0.0015706,             0.10358,            0.039453,            0.027163,           0.0003492,           0.0003492,            0.096849
                   9,             0.10537,            0.051151,            0.027274,            0.040896,            0.022727,            0.012859,           0.0025941,             0.10163,            0.039823,            0.026478,          0.00038888,          0.00038888,            0.096489
                  10,             0.10335,            0.041281,            0.026037,            0.032183,            0.045455,            0.016601,           0.0033029,            0.099439,            0.040397,            0.025744,          0.00042847,          0.00042847,            0.096128
                  11,             0.10091,             0.05214,            0.025478,            0.050886,            0.056818,            0.024974,           0.0062754,            0.097101,            0.040986,            0.025001,          0.00046798,          0.00046798,            0.095768
                  12,            0.098518,            0.047796,            0.024755,            0.090388,            0.051136,            0.033629,           0.0093214,             0.09472,            0.041591,            0.024223,           0.0005074,           0.0005074,            0.095407
                  13,            0.098191,            0.047597,             0.02405,             0.12698,            0.051136,            0.046822,            0.013162,            0.092559,            0.042059,             0.02338,           0.0005467,           0.0005467,            0.095047
                  14,            0.095006,            0.061442,            0.023232,            0.079172,             0.13068,            0.072836,            0.017488,            0.090246,            0.042424,            0.022571,           0.0005859,           0.0005859,            0.094686
                  15,            0.092494,            0.058469,            0.022698,             0.10752,             0.16477,            0.094884,            0.024069,            0.088107,            0.042667,            0.021758,          0.00062498,          0.00062498,            0.094325
                  16,            0.092576,            0.049625,             0.02194,             0.15365,             0.20455,             0.12206,               0.029,             0.08587,            0.042944,            0.021007,          0.00066393,          0.00066393,            0.093964
                  17,            0.089083,            0.056636,            0.021149,             0.18404,             0.21023,             0.14561,            0.036324,            0.083717,            0.042905,            0.020252,          0.00070274,          0.00070274,            0.093603
                  18,            0.086804,            0.050527,            0.019996,             0.22832,             0.19318,             0.16259,            0.043832,            0.081441,            0.042979,            0.019542,           0.0007414,           0.0007414,            0.093241
                  19,            0.085861,            0.052601,            0.019503,             0.20956,             0.21023,             0.18357,            0.046868,            0.079757,            0.042609,            0.018903,          0.00077992,          0.00077992,             0.09288
                  20,            0.086856,            0.049224,            0.018689,             0.31973,             0.29075,             0.23593,            0.058275,            0.078053,             0.04217,            0.018303,          0.00081827,          0.00081827,            0.092518
                  21,             0.08259,            0.054461,            0.018342,             0.28002,             0.39029,             0.26098,             0.06856,            0.076786,            0.041253,            0.017717,          0.00085645,          0.00085645,            0.092156
                  22,            0.081993,            0.050277,            0.018363,             0.33538,             0.41055,             0.27578,            0.083315,            0.074969,            0.040452,            0.017112,          0.00089445,          0.00089445,            0.091794
                  23,             0.07895,            0.054313,            0.017326,             0.38463,             0.41919,             0.32944,            0.087756,            0.073315,            0.039557,            0.016516,          0.00093227,          0.00093227,            0.091432
                  24,            0.077463,            0.057172,            0.017321,             0.39428,             0.42529,             0.35176,            0.094974,            0.072031,            0.038369,            0.015907,          0.00096989,          0.00096989,             0.09107
                  25,            0.077401,            0.061414,            0.016032,             0.26834,             0.53921,             0.26331,            0.065272,            0.078003,            0.036043,            0.015343,           0.0010073,           0.0010073,            0.090707
                  26,            0.072859,            0.050303,            0.017048,             0.34319,             0.52168,             0.39635,             0.11306,            0.069552,            0.035957,             0.01484,           0.0010445,           0.0010445,            0.090345
                  27,             0.07095,            0.056378,             0.01489,             0.37795,             0.49081,             0.35665,             0.10406,            0.068942,            0.034433,            0.014331,           0.0010815,           0.0010815,            0.089982
                  28,            0.073962,            0.044781,            0.015472,             0.38047,              0.6298,             0.42087,             0.11444,            0.068043,            0.033167,            0.013731,           0.0011183,           0.0011183,            0.089618
                  29,            0.070857,             0.03928,            0.013332,             0.45431,             0.55385,             0.38905,            0.089739,            0.071999,            0.031732,            0.013151,           0.0011548,           0.0011548,            0.089255
                  30,            0.070237,            0.039695,            0.015399,             0.48291,             0.61878,              0.4611,             0.13046,            0.066765,            0.031306,            0.012519,           0.0011911,           0.0011911,            0.088891
                  31,            0.075298,            0.035831,            0.013706,             0.48546,             0.62367,              0.4403,             0.12274,             0.07263,             0.03002,            0.011922,           0.0012272,           0.0012272,            0.088527
                  32,            0.066989,            0.035861,            0.012708,              0.5672,             0.63081,             0.54539,             0.17728,            0.062961,            0.030265,             0.01133,            0.001263,            0.001263,            0.088163
                  33,            0.067035,            0.049252,            0.012169,              0.4937,             0.62318,             0.50762,             0.15155,            0.066961,            0.029168,            0.010792,           0.0012985,           0.0012985,            0.087799
                  34,            0.069716,            0.033085,            0.011267,             0.54648,             0.65257,             0.54385,             0.17123,            0.063284,            0.028912,            0.010288,           0.0013338,           0.0013338,            0.087434
                  35,            0.071096,            0.032355,            0.012536,              0.5518,             0.69578,             0.58495,             0.18294,            0.064266,            0.028387,           0.0097406,           0.0013688,           0.0013688,            0.087069
                  36,            0.066729,            0.039525,             0.01233,              0.5277,             0.70074,             0.53751,             0.16635,            0.062518,             0.02798,           0.0092795,           0.0014035,           0.0014035,            0.086703
                  37,            0.066122,            0.036595,            0.010422,             0.59203,              0.6075,             0.57958,             0.20189,            0.064475,            0.027234,           0.0086788,           0.0014379,           0.0014379,            0.086338
                  38,            0.069041,            0.037077,            0.010159,             0.37023,              0.6412,             0.42443,             0.12061,            0.062984,             0.02698,           0.0083473,            0.001472,            0.001472,            0.085972
                  39,            0.069422,             0.03461,           0.0093101,             0.54907,             0.73232,             0.62702,             0.19072,            0.063975,             0.02601,           0.0079948,           0.0015058,           0.0015058,            0.085606
                  40,            0.061574,            0.040103,           0.0097565,             0.66106,             0.73577,             0.74122,             0.28574,            0.056239,            0.026426,           0.0076172,           0.0015393,           0.0015393,            0.085239
                  41,            0.062495,            0.036494,           0.0086388,             0.54758,             0.69304,             0.62997,              0.1848,            0.059969,            0.025968,           0.0071947,           0.0015724,           0.0015724,            0.084872
                  42,            0.066407,             0.03282,           0.0099551,             0.27582,             0.64043,             0.27745,            0.072511,            0.090442,            0.023676,           0.0070177,           0.0016053,           0.0016053,            0.084505
                  43,            0.088258,            0.027396,           0.0080864,             0.44336,              0.6931,             0.50577,             0.14355,            0.085888,             0.02282,           0.0067284,           0.0016378,           0.0016378,            0.084138
                  44,            0.083896,            0.032485,           0.0086665,             0.48064,             0.68364,             0.56217,             0.14752,            0.079123,             0.02358,           0.0065785,             0.00167,             0.00167,             0.08377
                  45,            0.074981,             0.03401,           0.0073453,             0.44719,             0.57861,             0.50151,             0.12849,            0.078763,            0.023703,            0.006453,           0.0017018,           0.0017018,            0.083402
                  46,            0.070696,            0.032157,           0.0090197,               0.484,             0.69578,             0.58057,             0.17159,            0.068049,            0.025092,           0.0062731,           0.0017333,           0.0017333,            0.083033
                  47,             0.06946,             0.03839,           0.0079131,             0.24365,             0.60536,             0.29316,            0.067117,            0.072522,            0.024594,           0.0059309,           0.0017644,           0.0017644,            0.082664
                  48,             0.06805,              0.0279,           0.0065228,             0.31144,             0.71087,             0.40766,              0.1007,            0.069862,            0.024027,           0.0056002,           0.0017951,           0.0017951,            0.082295
                  49,            0.074798,            0.026326,           0.0059951,             0.46897,             0.61483,             0.47723,             0.12451,            0.072518,            0.022837,           0.0053451,           0.0018255,           0.0018255,            0.081926
                  50,            0.072657,            0.033142,           0.0069001,             0.58946,             0.70637,             0.63899,             0.19352,             0.07405,            0.022757,           0.0052058,           0.0018555,           0.0018555,            0.081556
                  51,            0.073822,            0.031623,           0.0086702,             0.50037,              0.7099,             0.60632,             0.20346,            0.068766,            0.023012,           0.0050658,           0.0018852,           0.0018852,            0.081185
                  52,            0.073984,            0.030038,           0.0084212,             0.43014,             0.55428,              0.4503,             0.14014,            0.079013,            0.022186,           0.0049431,           0.0019144,           0.0019144,            0.080814
                  53,            0.073928,            0.026458,           0.0068134,             0.46752,             0.67422,             0.56665,              0.1717,               0.073,            0.022437,           0.0049439,           0.0019432,           0.0019432,            0.080443
                  54,            0.071913,            0.027326,           0.0056669,             0.48077,             0.49901,             0.47542,             0.13827,            0.073062,            0.022209,           0.0048697,           0.0019717,           0.0019717,            0.080072
                  55,             0.07051,            0.028765,           0.0064504,             0.40573,             0.56909,             0.48394,             0.13463,            0.069574,            0.022037,           0.0047422,           0.0019997,           0.0019997,              0.0797
                  56,            0.069123,            0.027245,            0.010842,             0.51735,             0.66835,             0.59477,             0.19244,            0.067466,            0.022616,           0.0045643,           0.0020273,           0.0020273,            0.079327
                  57,            0.064021,            0.034596,           0.0065516,             0.65076,             0.68109,             0.63748,             0.18995,            0.064142,            0.022536,           0.0045103,           0.0020545,           0.0020545,            0.078955
                  58,            0.068628,            0.029579,           0.0064483,             0.62875,             0.71088,             0.66595,             0.22564,            0.060472,            0.022375,           0.0045057,           0.0020813,           0.0020813,            0.078581
                  59,            0.061805,            0.036623,           0.0055517,             0.43479,             0.69999,             0.55219,             0.14873,            0.073411,            0.022124,           0.0043404,           0.0021077,           0.0021077,            0.078208
                  60,            0.070779,            0.027237,           0.0064366,             0.61435,             0.63896,             0.65782,             0.23743,            0.063509,            0.022238,           0.0041937,           0.0021336,           0.0021336,            0.077834
                  61,            0.071375,            0.025111,           0.0061316,             0.54268,             0.64484,             0.56036,             0.16181,            0.071822,            0.021295,           0.0041048,           0.0021591,           0.0021591,            0.077459
                  62,            0.066982,            0.028411,           0.0059178,             0.54028,             0.73429,              0.6586,             0.19933,            0.065312,             0.02142,           0.0040623,           0.0021842,           0.0021842,            0.077084
                  63,            0.063987,            0.029649,           0.0057387,             0.61439,             0.70118,             0.66162,              0.2215,            0.057226,            0.022089,           0.0039793,           0.0022088,           0.0022088,            0.076709
                  64,            0.062121,            0.036027,           0.0056937,             0.64414,              0.5646,              0.6145,             0.17682,            0.064609,            0.021473,           0.0038788,            0.002233,            0.002233,            0.076333
                  65,            0.068649,            0.026376,            0.005329,             0.62346,             0.57326,             0.59398,             0.19172,             0.07251,            0.021134,           0.0038567,           0.0022567,           0.0022567,            0.075957
                  66,             0.06791,            0.036076,           0.0049844,              0.6862,             0.66007,               0.665,              0.2634,            0.071506,            0.020882,           0.0037319,           0.0022799,           0.0022799,             0.07558
                  67,             0.07565,            0.029367,           0.0052737,             0.39648,             0.63601,             0.49786,             0.16128,            0.071141,            0.020384,            0.003754,           0.0023027,           0.0023027,            0.075203
                  68,              0.0707,            0.029687,           0.0050181,             0.57285,             0.75045,             0.65327,             0.22393,            0.070341,            0.020449,            0.003893,            0.002325,            0.002325,            0.074825
                  69,            0.068273,            0.025693,           0.0052828,             0.63381,             0.75316,             0.71212,             0.22302,            0.061788,            0.021412,           0.0038909,           0.0023469,           0.0023469,            0.074447
                  70,             0.06415,             0.02894,           0.0053392,              0.6339,             0.78886,             0.72098,             0.25103,            0.059022,            0.021498,           0.0037966,           0.0023683,           0.0023683,            0.074068
                  71,            0.056796,            0.029585,            0.005129,             0.68559,             0.67179,             0.72554,             0.28499,            0.055646,             0.02138,           0.0036856,           0.0023892,           0.0023892,            0.073689
                  72,             0.05698,            0.032855,           0.0049748,             0.69636,             0.61301,             0.69136,              0.2748,            0.060436,            0.020946,           0.0035505,           0.0024096,           0.0024096,             0.07331
                  73,            0.063544,            0.024223,           0.0050158,             0.44835,             0.48829,             0.44774,             0.14922,            0.073047,            0.020662,           0.0035654,           0.0024295,           0.0024295,             0.07293
                  74,            0.073353,            0.028542,           0.0041205,             0.38805,              0.6349,             0.45539,             0.13992,            0.071072,            0.020389,           0.0035664,            0.002449,            0.002449,            0.072549
                  75,            0.068841,            0.023964,           0.0038405,             0.46931,             0.63843,             0.49098,              0.1416,            0.069819,            0.020283,           0.0035179,           0.0024679,           0.0024679,            0.072168
                  76,            0.069787,             0.04043,           0.0061885,             0.53357,             0.75665,             0.56185,             0.16267,            0.061591,            0.020791,           0.0035888,           0.0024864,           0.0024864,            0.071786
                  77,            0.062673,            0.029116,           0.0052911,             0.59212,             0.69923,             0.65566,             0.20481,             0.05771,            0.020625,           0.0036442,           0.0025044,           0.0025044,            0.071404
                  78,            0.059541,            0.033705,            0.004517,             0.61528,             0.66414,             0.69835,             0.28189,            0.061351,            0.020527,           0.0035951,           0.0025219,           0.0025219,            0.071022
                  79,            0.060168,            0.025015,           0.0050443,             0.71065,             0.67403,             0.75643,             0.26395,            0.053975,            0.020637,           0.0036636,           0.0025388,           0.0025388,            0.070639
                  80,            0.063685,            0.024644,           0.0049938,             0.52749,             0.64979,             0.58528,             0.19917,            0.059992,            0.020571,           0.0036591,           0.0025553,           0.0025553,            0.070255
                  81,            0.065416,            0.027095,           0.0056046,             0.51639,             0.68355,             0.61066,             0.19317,             0.06071,            0.019945,           0.0037296,           0.0025713,           0.0025713,            0.069871
                  82,            0.057605,            0.029047,           0.0067895,             0.68166,             0.85382,             0.83639,             0.29665,            0.052723,            0.020433,           0.0035999,           0.0025868,           0.0025868,            0.069487
                  83,            0.054723,             0.02932,           0.0045081,             0.53214,             0.85441,             0.63859,             0.20517,            0.056033,            0.020582,           0.0035201,           0.0026017,           0.0026017,            0.069102
                  84,            0.055836,             0.02773,           0.0046203,             0.73127,             0.64011,             0.72564,             0.30516,            0.055888,            0.020264,           0.0033288,           0.0026162,           0.0026162,            0.068716
                  85,            0.058482,            0.036808,           0.0057784,             0.54925,             0.55794,             0.54468,              0.1667,            0.059589,            0.020414,           0.0033014,           0.0026301,           0.0026301,             0.06833
                  86,            0.064105,            0.027013,           0.0046057,              0.4705,             0.66758,             0.54995,             0.19303,            0.061885,            0.019903,           0.0033176,           0.0026435,           0.0026435,            0.067944
                  87,            0.064155,            0.029685,           0.0052084,             0.52737,             0.67277,             0.62075,             0.22487,            0.067604,            0.019553,            0.003356,           0.0026564,           0.0026564,            0.067556
                  88,            0.068022,            0.023164,           0.0044401,             0.60017,             0.71398,             0.66011,              0.2229,            0.063021,            0.019549,           0.0032489,           0.0026688,           0.0026688,            0.067169
                  89,            0.062198,             0.03017,           0.0051831,             0.66242,             0.82414,             0.76421,             0.29096,            0.054713,            0.020042,            0.003278,           0.0026807,           0.0026807,            0.066781
                  90,            0.058875,            0.024776,           0.0048075,             0.60074,              0.7533,             0.68934,             0.25549,            0.054327,            0.019849,           0.0031987,            0.002692,            0.002692,            0.066392
                  91,            0.053589,            0.029775,           0.0043339,             0.65599,             0.73266,             0.74055,             0.26037,            0.053601,            0.019739,           0.0031362,           0.0027028,           0.0027028,            0.066003
                  92,            0.062061,              0.0233,           0.0042551,             0.47485,             0.66835,             0.56876,             0.20159,            0.059779,            0.019126,           0.0030871,           0.0027132,           0.0027132,            0.065613
                  93,            0.055687,            0.036605,           0.0046638,             0.50534,             0.80542,             0.66628,             0.26071,            0.056842,            0.019698,           0.0030325,           0.0027229,           0.0027229,            0.065223
                  94,            0.057017,            0.029602,           0.0038648,             0.58605,             0.74529,             0.66808,             0.22477,            0.054095,            0.019647,           0.0030318,           0.0027322,           0.0027322,            0.064832
                  95,            0.058385,            0.021252,           0.0038971,             0.77801,              0.8548,             0.87394,             0.39012,            0.049545,            0.019316,           0.0030296,            0.002741,            0.002741,            0.064441
                  96,            0.052827,            0.027451,           0.0036709,             0.50245,             0.84912,             0.60742,              0.2415,             0.05925,            0.019355,           0.0030026,           0.0027492,           0.0027492,            0.064049
                  97,            0.060451,            0.025374,           0.0068969,             0.63229,             0.78622,             0.75757,             0.29195,            0.053802,            0.019324,           0.0030255,           0.0027569,           0.0027569,            0.063657
                  98,            0.056571,            0.027897,           0.0049567,             0.62889,             0.70637,             0.70133,             0.26106,            0.055884,            0.019257,           0.0030515,           0.0027641,           0.0027641,            0.063264
                  99,            0.055476,            0.025278,           0.0040341,             0.67174,             0.85316,             0.80004,             0.34442,            0.050041,            0.019261,           0.0030503,           0.0027708,           0.0027708,            0.062871
                 100,            0.052989,             0.02316,           0.0054259,             0.61126,             0.74066,             0.68865,             0.26132,            0.054473,            0.019179,           0.0030582,           0.0027769,           0.0027769,            0.062477
                 101,            0.056397,            0.027842,           0.0048612,             0.61266,             0.74565,             0.70261,              0.2926,            0.052268,               0.019,           0.0029603,           0.0027825,           0.0027825,            0.062083
                 102,             0.05489,            0.025252,           0.0048236,             0.65814,              0.7518,             0.76475,             0.32201,            0.055619,            0.018749,           0.0029155,           0.0027876,           0.0027876,            0.061688
                 103,            0.056611,            0.025464,           0.0035108,             0.59099,             0.78935,             0.71046,             0.23765,            0.057879,             0.01885,           0.0029042,           0.0027922,           0.0027922,            0.061292
                 104,            0.059914,            0.031221,           0.0037395,             0.72718,             0.67747,              0.7356,             0.26022,            0.056169,            0.018812,           0.0028982,           0.0027963,           0.0027963,            0.060896
                 105,             0.05821,            0.027971,           0.0042109,             0.82207,             0.75886,             0.85129,             0.35562,            0.048632,            0.019084,           0.0029223,           0.0027999,           0.0027999,              0.0605
                 106,            0.055901,            0.027105,           0.0042431,             0.65406,             0.77029,             0.71921,             0.26279,            0.058536,            0.018947,           0.0029353,           0.0028029,           0.0028029,            0.060103
                 107,            0.055999,            0.027069,           0.0037443,             0.63181,             0.77652,             0.75942,              0.2884,            0.053171,            0.018768,           0.0028967,           0.0028055,           0.0028055,            0.059705
                 108,            0.056693,            0.025052,           0.0055546,             0.78668,             0.80022,             0.84867,             0.35148,            0.047653,            0.018973,           0.0030188,           0.0028075,           0.0028075,            0.059308
                 109,            0.047801,            0.023214,           0.0044223,             0.82389,              0.8151,             0.84593,             0.36987,            0.045753,            0.018927,           0.0029189,            0.002809,            0.002809,            0.058909
                 110,            0.051722,            0.023438,           0.0049899,             0.71959,             0.79525,             0.79146,              0.3651,             0.04843,             0.01871,           0.0029136,             0.00281,             0.00281,             0.05851
                 111,            0.053472,            0.020501,           0.0041027,             0.52768,             0.87233,              0.6446,             0.20598,            0.057201,            0.018836,           0.0028616,           0.0028106,           0.0028106,            0.058111
                 112,            0.058276,            0.027701,           0.0062503,             0.71415,               0.879,             0.85007,             0.35049,            0.046989,            0.018631,           0.0027799,           0.0028106,           0.0028106,            0.057711
                 113,            0.048339,            0.024259,           0.0042688,             0.68608,             0.92158,             0.81311,             0.37733,            0.044657,            0.018649,           0.0027099,           0.0028101,           0.0028101,             0.05731
                 114,            0.050001,            0.023319,           0.0042286,             0.64131,             0.71414,             0.70902,             0.30135,            0.050525,            0.018247,           0.0026619,           0.0028091,           0.0028091,            0.056909
                 115,            0.050656,            0.030534,           0.0036028,             0.56547,             0.79567,             0.70932,             0.28491,            0.052821,             0.01846,           0.0026418,           0.0028076,           0.0028076,            0.056508
                 116,            0.056649,            0.033684,           0.0045441,             0.73001,             0.78718,             0.82644,             0.40483,            0.050814,            0.018424,           0.0026584,           0.0028057,           0.0028057,            0.056106
                 117,            0.052726,            0.027334,           0.0039885,             0.73481,             0.75526,             0.81214,             0.36719,            0.048202,            0.018555,           0.0027192,           0.0028032,           0.0028032,            0.055703
                 118,            0.057343,            0.027226,           0.0033352,               0.616,             0.83081,             0.74059,             0.30632,            0.057854,            0.018574,           0.0027964,           0.0028003,           0.0028003,              0.0553
                 119,             0.06089,            0.021467,           0.0040468,             0.82235,             0.73548,             0.85603,             0.35473,            0.052342,            0.018284,           0.0027751,           0.0027969,           0.0027969,            0.054897
                 120,            0.057976,            0.031002,           0.0047323,             0.75119,             0.87577,             0.88136,             0.42273,            0.047369,             0.01828,            0.002792,            0.002793,            0.002793,            0.054493
                 121,            0.052601,            0.024047,           0.0038988,             0.66483,              0.8364,              0.7879,              0.3298,            0.049429,            0.018196,           0.0028043,           0.0027886,           0.0027886,            0.054089
                 122,            0.047736,            0.024578,           0.0038379,             0.77767,             0.93534,             0.93377,             0.47706,            0.042361,            0.018158,           0.0027831,           0.0027838,           0.0027838,            0.053684
                 123,             0.04805,            0.022273,           0.0035807,             0.70589,             0.87142,             0.82833,             0.36102,            0.046268,            0.018144,           0.0027402,           0.0027785,           0.0027785,            0.053278
                 124,            0.052602,            0.026594,           0.0037237,             0.70055,             0.77779,             0.78158,             0.32284,            0.052961,            0.018355,           0.0027363,           0.0027727,           0.0027727,            0.052873
                 125,            0.050739,            0.024991,           0.0045515,             0.60496,             0.83929,             0.75809,             0.24415,            0.051661,            0.018008,           0.0027265,           0.0027665,           0.0027665,            0.052466
                 126,            0.064098,            0.029649,           0.0036472,             0.42472,             0.59919,             0.49714,             0.16088,            0.061866,            0.017445,           0.0027819,           0.0027598,           0.0027598,             0.05206
                 127,            0.065352,            0.025024,           0.0040897,             0.45532,             0.70861,             0.59902,             0.22455,            0.059828,            0.017613,           0.0028385,           0.0027527,           0.0027527,            0.051653
                 128,            0.063835,            0.021354,           0.0042999,             0.64141,             0.66639,             0.67556,             0.28155,            0.054027,            0.018096,           0.0029109,           0.0027452,           0.0027452,            0.051245
                 129,             0.05917,            0.026163,           0.0041963,             0.53424,             0.72407,             0.61719,             0.24617,             0.05924,             0.01756,           0.0028493,           0.0027372,           0.0027372,            0.050837
                 130,            0.058312,            0.021922,           0.0036994,             0.79279,             0.82912,             0.86524,             0.45739,            0.049429,            0.017692,           0.0028356,           0.0027287,           0.0027287,            0.050429
                 131,            0.053591,            0.019604,           0.0051288,             0.86021,             0.88468,             0.91664,             0.49045,            0.046787,            0.017522,           0.0027182,           0.0027199,           0.0027199,             0.05002
                 132,            0.054183,            0.025357,           0.0037397,             0.74857,             0.73478,             0.80329,             0.34608,            0.061265,            0.017549,           0.0026659,           0.0027106,           0.0027106,            0.049611
                 133,            0.059211,            0.020653,           0.0035488,             0.84131,             0.89653,             0.92788,             0.48401,            0.050691,            0.017658,            0.002725,           0.0027009,           0.0027009,            0.049201
                 134,             0.04655,            0.024703,           0.0034274,              0.9104,             0.94543,             0.96437,             0.51735,            0.040763,            0.017887,           0.0027071,           0.0026908,           0.0026908,            0.048791
                 135,             0.04857,            0.020753,           0.0041549,             0.64539,              0.8509,             0.77456,             0.30036,            0.052439,            0.017869,           0.0026275,           0.0026802,           0.0026802,             0.04838
                 136,            0.055626,            0.022786,           0.0037615,             0.70449,             0.89085,             0.82853,             0.35637,            0.045254,            0.017925,           0.0026657,           0.0026693,           0.0026693,            0.047969
                 137,            0.043769,            0.031945,           0.0031791,             0.77532,             0.91407,             0.89311,             0.43569,            0.041481,            0.017546,           0.0026067,            0.002658,            0.002658,            0.047558
                 138,            0.054286,            0.025851,           0.0033145,             0.51967,             0.74663,             0.63146,             0.22764,            0.066987,            0.017884,           0.0026482,           0.0026463,           0.0026463,            0.047146
                 139,            0.070851,            0.024441,           0.0035726,             0.46931,              0.8454,               0.672,              0.2904,            0.058319,            0.017422,           0.0027097,           0.0026342,           0.0026342,            0.046734
                 140,            0.055037,            0.023703,           0.0035952,             0.69714,             0.79775,             0.81314,             0.38186,            0.044228,            0.017919,           0.0027418,           0.0026218,           0.0026218,            0.046322
                 141,            0.050613,            0.025736,           0.0032964,             0.77887,             0.83551,             0.87327,              0.4008,            0.046381,            0.017514,           0.0027415,           0.0026089,           0.0026089,            0.045909
                 142,            0.049472,            0.021626,           0.0034537,             0.78225,             0.95875,             0.90224,             0.44619,            0.043197,            0.017434,           0.0027306,           0.0025957,           0.0025957,            0.045496
                 143,            0.046672,            0.028031,           0.0042296,             0.90793,             0.97012,             0.95991,              0.5056,            0.039994,            0.017314,           0.0027845,           0.0025822,           0.0025822,            0.045082
                 144,            0.052327,            0.027315,           0.0040186,             0.56619,             0.88096,             0.76407,             0.27997,            0.057056,            0.017394,           0.0028058,           0.0025683,           0.0025683,            0.044668
                 145,            0.056152,            0.024785,           0.0035311,             0.80555,             0.90986,             0.92184,             0.43786,            0.042016,            0.017461,           0.0028264,           0.0025541,           0.0025541,            0.044254
                 146,            0.045606,            0.027967,            0.003606,             0.83901,             0.91671,             0.94621,             0.48906,            0.041056,            0.017355,           0.0028067,           0.0025395,           0.0025395,            0.043839
                 147,            0.050376,            0.026357,           0.0058975,             0.61476,             0.79392,             0.71614,             0.21867,            0.054817,            0.016954,           0.0027319,           0.0025246,           0.0025246,            0.043425
                 148,            0.058724,            0.024051,           0.0047449,             0.86753,             0.84764,             0.88834,             0.37322,            0.046702,            0.016995,           0.0027146,           0.0025094,           0.0025094,            0.043009
                 149,            0.044934,            0.022971,           0.0033747,             0.82821,             0.94482,             0.93951,             0.42995,            0.042258,            0.017405,           0.0027189,           0.0024938,           0.0024938,            0.042594
                 150,            0.053453,            0.028034,           0.0039571,             0.71841,             0.81819,             0.78671,             0.28774,            0.052724,            0.017212,           0.0026554,            0.002478,            0.002478,            0.042178
                 151,            0.054545,            0.032783,           0.0029923,             0.82171,             0.92223,             0.89552,             0.39293,            0.045239,            0.017203,           0.0026915,           0.0024618,           0.0024618,            0.041762
                 152,            0.047209,            0.021864,           0.0036492,                0.86,             0.90033,              0.9372,             0.42639,            0.038489,            0.017372,            0.002689,           0.0024454,           0.0024454,            0.041345
                 153,            0.048784,            0.027068,           0.0040457,              0.8031,             0.88547,              0.9041,             0.44999,            0.043055,            0.017103,           0.0026062,           0.0024287,           0.0024287,            0.040929
                 154,            0.048661,            0.027065,           0.0031948,             0.91783,             0.91504,             0.94991,             0.50511,            0.037547,            0.017093,            0.002589,           0.0024117,           0.0024117,            0.040512
                 155,            0.042207,            0.022374,           0.0036614,             0.94151,             0.92024,             0.96137,             0.51035,            0.040338,            0.016901,           0.0025294,           0.0023945,           0.0023945,            0.040094
                 156,            0.050093,            0.030066,           0.0040184,             0.74825,             0.82492,              0.8207,             0.37592,             0.04542,            0.016932,           0.0025254,            0.002377,            0.002377,            0.039677
                 157,            0.047074,            0.025598,           0.0031479,             0.83452,             0.87392,             0.91377,             0.46627,            0.041234,            0.016903,           0.0025506,           0.0023592,           0.0023592,            0.039259
                 158,            0.049725,            0.020256,           0.0032536,             0.96054,             0.96395,             0.97446,             0.53643,            0.035178,             0.01697,           0.0025591,           0.0023412,           0.0023412,            0.038841
                 159,            0.044052,            0.025064,           0.0037946,             0.77772,             0.93455,             0.88882,             0.44661,            0.041689,             0.01673,           0.0025297,            0.002323,            0.002323,            0.038423
                 160,            0.045574,            0.024461,           0.0041784,             0.98222,             0.96687,             0.98228,             0.55575,            0.035452,            0.016583,           0.0024832,           0.0023045,           0.0023045,            0.038005
                 161,            0.037598,            0.022248,           0.0026629,              0.9149,             0.96356,             0.96395,             0.51721,            0.037798,             0.01649,           0.0024316,           0.0022858,           0.0022858,            0.037586
                 162,            0.049525,            0.020648,           0.0038985,             0.83362,             0.86981,             0.89992,             0.39362,            0.047818,            0.016615,            0.002389,            0.002267,            0.002267,            0.037167
                 163,            0.050761,            0.021207,            0.002721,             0.93571,             0.92123,              0.9621,             0.47397,            0.041502,            0.016573,           0.0024037,           0.0022479,           0.0022479,            0.036748
                 164,            0.042398,              0.0247,           0.0038368,             0.96773,             0.97531,             0.98394,             0.56704,            0.034151,            0.016482,           0.0024177,           0.0022286,           0.0022286,            0.036329
                 165,            0.047519,            0.020474,           0.0031252,              0.9351,             0.93357,              0.9219,             0.35715,            0.047594,            0.016653,           0.0022949,           0.0022092,           0.0022092,            0.035909
                 166,            0.051968,            0.024871,           0.0035019,             0.85759,              0.9032,             0.91279,             0.44245,            0.039978,            0.016356,           0.0023253,           0.0021896,           0.0021896,             0.03549
                 167,            0.042729,            0.025083,            0.002826,              0.9447,             0.96316,             0.97587,             0.54765,            0.034268,            0.016161,           0.0023623,           0.0021698,           0.0021698,             0.03507
                 168,            0.049496,            0.021198,           0.0035087,             0.79419,             0.92012,             0.91262,             0.45984,            0.047172,            0.016658,           0.0024029,           0.0021499,           0.0021499,             0.03465
                 169,            0.046986,            0.019111,           0.0026939,             0.84733,             0.96321,             0.94495,             0.52378,            0.036261,            0.016471,           0.0023716,           0.0021298,           0.0021298,             0.03423
                 170,            0.041539,            0.029996,           0.0033129,             0.97486,              0.9757,             0.98995,             0.59189,             0.03587,            0.016284,           0.0023872,           0.0021096,           0.0021096,             0.03381
                 171,            0.047634,            0.023306,           0.0027535,             0.84334,             0.96345,             0.89156,              0.3949,             0.04823,            0.016472,           0.0023266,           0.0020893,           0.0020893,            0.033389
                 172,            0.050576,            0.022387,           0.0034128,             0.90717,             0.96305,               0.945,             0.50395,            0.040788,            0.016243,           0.0023721,           0.0020689,           0.0020689,            0.032969
                 173,            0.040677,            0.024314,           0.0038731,             0.97407,             0.96949,             0.98304,             0.58214,            0.033006,            0.016233,           0.0023791,           0.0020484,           0.0020484,            0.032548
                 174,            0.040803,             0.02682,           0.0029463,             0.85933,             0.95209,             0.92135,             0.48644,             0.03828,            0.016096,           0.0022961,           0.0020277,           0.0020277,            0.032128
                 175,            0.044161,            0.025072,           0.0033197,             0.97791,             0.96195,              0.9815,             0.59386,              0.0323,            0.016007,            0.002276,            0.002007,            0.002007,            0.031707
                 176,            0.035988,            0.019953,           0.0027126,             0.98143,             0.96307,             0.98787,             0.58816,             0.03217,            0.015802,           0.0022139,           0.0019863,           0.0019863,            0.031286
                 177,            0.038947,            0.028571,           0.0028065,              0.9765,             0.89604,             0.96785,             0.46642,            0.039571,            0.016006,           0.0021813,           0.0019654,           0.0019654,            0.030865
                 178,            0.042229,            0.026274,           0.0027968,             0.93608,             0.95111,             0.97794,             0.56613,              0.0342,            0.015773,           0.0022241,           0.0019445,           0.0019445,            0.030445
                 179,            0.039677,            0.022167,           0.0032423,             0.94232,              0.9694,             0.98487,             0.54216,            0.032536,            0.015737,           0.0022031,           0.0019236,           0.0019236,            0.030024
                 180,            0.047536,            0.021116,           0.0055615,             0.91666,             0.91505,              0.9553,             0.46788,            0.041678,            0.015872,           0.0021429,           0.0019026,           0.0019026,            0.029603
                 181,            0.050961,            0.022624,           0.0031616,             0.83516,             0.93385,             0.92863,             0.52748,            0.035905,            0.015744,           0.0021899,           0.0018817,           0.0018817,            0.029182
                 182,            0.038302,            0.026068,           0.0030138,             0.90596,             0.97326,             0.97747,             0.57414,            0.034391,            0.015863,           0.0022011,           0.0018607,           0.0018607,            0.028761
                 183,            0.047292,            0.020948,           0.0031419,             0.86634,              0.9516,             0.92947,             0.45691,            0.042023,            0.016103,            0.002174,           0.0018397,           0.0018397,             0.02834
                 184,            0.048911,            0.023445,           0.0032054,             0.91421,             0.93921,             0.96518,             0.57117,            0.035156,            0.015866,           0.0022247,           0.0018187,           0.0018187,            0.027919
                 185,            0.038548,            0.021045,            0.003316,             0.97762,             0.97601,             0.98021,             0.62755,             0.03001,            0.015572,           0.0022135,           0.0017977,           0.0017977,            0.027498
                 186,            0.039387,            0.022821,           0.0035829,             0.93528,             0.92691,             0.96469,             0.50789,            0.036923,            0.015732,           0.0021934,           0.0017768,           0.0017768,            0.027077
                 187,            0.045047,            0.021679,           0.0046777,             0.90725,             0.98148,             0.96313,             0.60789,            0.031142,            0.015389,           0.0021497,           0.0017559,           0.0017559,            0.026656
                 188,            0.036891,            0.022914,           0.0027687,               0.929,             0.96296,             0.96825,             0.59981,            0.032447,            0.015389,           0.0021516,           0.0017351,           0.0017351,            0.026235
                 189,            0.039978,             0.02674,           0.0024667,             0.87319,             0.94161,             0.93827,             0.49833,            0.040827,            0.015691,           0.0021132,           0.0017143,           0.0017143,            0.025814
                 190,            0.046477,              0.0267,           0.0039126,              0.9207,             0.95077,              0.9695,             0.58529,            0.034813,            0.015421,           0.0021511,           0.0016936,           0.0016936,            0.025394
                 191,             0.03591,            0.022111,           0.0025269,             0.96872,             0.98148,             0.98627,             0.61232,            0.030798,            0.015355,           0.0021813,            0.001673,            0.001673,            0.024973
                 192,            0.038782,            0.024411,           0.0024907,             0.88889,             0.94494,             0.95902,             0.55585,            0.035409,            0.015452,           0.0021514,           0.0016525,           0.0016525,            0.024552
                 193,            0.041872,            0.024719,           0.0037541,             0.98158,             0.98148,             0.99344,             0.64408,            0.028636,            0.015094,           0.0021609,            0.001632,            0.001632,            0.024132
                 194,            0.032411,            0.020399,           0.0028845,             0.98527,             0.98135,             0.99373,             0.64789,            0.028911,            0.015007,           0.0021366,           0.0016118,           0.0016118,            0.023712
                 195,            0.035961,            0.020868,           0.0026755,              0.9996,             0.96654,             0.99336,              0.5808,            0.033724,             0.01527,           0.0021202,           0.0015916,           0.0015916,            0.023292
                 196,            0.037944,            0.038288,           0.0027248,             0.98674,             0.98127,             0.99388,             0.63111,            0.028918,            0.014948,           0.0021195,           0.0015716,           0.0015716,            0.022872
                 197,             0.03533,            0.023896,           0.0043423,             0.98813,             0.97519,             0.99327,             0.64628,            0.028251,            0.014957,            0.002121,           0.0015517,           0.0015517,            0.022452
                 198,            0.035116,             0.02535,             0.00326,             0.94992,             0.98148,             0.98866,              0.5999,            0.032529,            0.015131,            0.002105,            0.001532,            0.001532,            0.022032
                 199,            0.038172,            0.024685,           0.0039667,             0.99189,             0.98148,             0.99401,             0.66244,             0.02808,            0.014808,           0.0020864,           0.0015125,           0.0015125,            0.021612
                 200,            0.031201,            0.018434,           0.0019585,             0.99456,             0.97418,             0.99395,             0.65963,            0.027828,            0.014773,           0.0020693,           0.0014931,           0.0014931,            0.021193
                 201,            0.033817,            0.022534,           0.0029357,             0.92523,             0.97317,             0.97752,             0.61814,            0.031148,            0.014961,           0.0020484,            0.001474,            0.001474,            0.020774
                 202,             0.03502,            0.026942,           0.0028523,             0.98229,             0.97514,             0.99078,             0.65855,            0.028933,            0.014735,           0.0020326,            0.001455,            0.001455,            0.020355
                 203,            0.032437,            0.021593,           0.0026499,             0.99332,             0.97523,             0.99314,             0.68109,            0.027924,            0.014674,           0.0020127,           0.0014363,           0.0014363,            0.019936
                 204,            0.037394,            0.020519,           0.0025422,             0.97573,             0.97481,             0.99118,             0.53923,            0.038401,            0.015433,           0.0019524,           0.0014178,           0.0014178,            0.019518
                 205,            0.045116,            0.023465,           0.0046096,             0.98164,             0.97704,             0.99177,              0.6068,            0.031547,            0.014936,            0.001994,           0.0013995,           0.0013995,              0.0191
                 206,            0.035423,            0.018456,           0.0030805,             0.99343,              0.9814,             0.99387,             0.67926,            0.027912,            0.014708,           0.0020107,           0.0013815,           0.0013815,            0.018682
                 207,             0.03516,            0.023144,           0.0026995,              0.9837,             0.98142,             0.99123,             0.64336,            0.030337,            0.014933,           0.0020117,           0.0013638,           0.0013638,            0.018264
                 208,             0.03866,            0.020705,           0.0029733,              0.9944,             0.98144,             0.99396,             0.65908,            0.028819,             0.01465,           0.0019741,           0.0013463,           0.0013463,            0.017846
                 209,            0.036922,            0.028022,           0.0026707,             0.99366,             0.97893,             0.99035,              0.6376,            0.029027,            0.014739,           0.0019881,           0.0013291,           0.0013291,            0.017429
                 210,            0.041495,            0.019962,           0.0022257,             0.99794,             0.98148,             0.99381,             0.61025,            0.032273,            0.014909,           0.0019565,           0.0013122,           0.0013122,            0.017012
                 211,            0.035286,            0.019491,           0.0026959,             0.99995,             0.98118,             0.98969,             0.67888,            0.027272,            0.014592,           0.0019863,           0.0012956,           0.0012956,            0.016596
                 212,            0.034034,            0.020227,           0.0028963,             0.99888,             0.98134,             0.98957,             0.65635,             0.02789,            0.014653,           0.0019833,           0.0012794,           0.0012794,            0.016179
                 213,            0.032298,            0.021404,           0.0033633,              0.9943,             0.98135,             0.99407,             0.66492,            0.027795,            0.014572,            0.001974,           0.0012634,           0.0012634,            0.015763
                 214,            0.035669,            0.023531,            0.002961,             0.99427,              0.9814,             0.99392,             0.67356,            0.026592,            0.014513,            0.001982,           0.0012478,           0.0012478,            0.015348
                 215,              0.0327,            0.019906,           0.0027521,             0.98724,             0.98148,             0.99121,             0.67515,            0.026178,            0.014398,           0.0019594,           0.0012326,           0.0012326,            0.014933
                 216,            0.033561,            0.026444,           0.0028362,                   1,             0.97008,             0.99366,             0.67661,            0.026835,            0.014416,           0.0019478,           0.0012177,           0.0012177,            0.014518
                 217,            0.034867,            0.021731,           0.0042698,                   1,             0.97049,             0.99102,             0.67498,            0.026474,            0.014299,           0.0019232,           0.0012032,           0.0012032,            0.014103
                 218,            0.033532,            0.018433,           0.0031248,                   1,             0.97025,             0.99106,             0.67972,            0.026566,            0.014284,           0.0019146,           0.0011891,           0.0011891,            0.013689
                 219,            0.032647,            0.020017,           0.0038338,                   1,             0.97235,             0.98942,             0.67648,            0.026184,            0.014209,           0.0019062,           0.0011754,           0.0011754,            0.013275
                 220,            0.033568,            0.021477,           0.0029403,              0.9942,             0.97433,             0.99129,             0.68914,             0.02591,             0.01413,           0.0018944,            0.001162,            0.001162,            0.012862
                 221,            0.031193,            0.025638,           0.0023984,                   1,             0.97305,             0.98959,             0.69021,            0.026374,            0.014142,           0.0018902,           0.0011491,           0.0011491,            0.012449
                 222,            0.032283,            0.024469,           0.0028486,             0.99683,             0.98148,             0.98959,             0.67475,              0.0271,            0.014175,           0.0018718,           0.0011366,           0.0011366,            0.012037
                 223,            0.035379,             0.01934,           0.0038623,                   1,             0.97537,             0.99123,              0.6696,            0.027243,            0.014224,           0.0018928,           0.0011246,           0.0011246,            0.011625
                 224,            0.033651,            0.027462,           0.0023789,                   1,             0.97492,             0.99107,             0.66462,            0.027566,            0.014143,           0.0018685,            0.001113,            0.001113,            0.011213
                 225,            0.032837,            0.027972,           0.0033177,             0.99293,             0.98136,              0.9938,             0.69364,            0.025581,            0.013932,           0.0018796,           0.0011019,           0.0011019,            0.010802
                 226,            0.031766,            0.024709,            0.002534,             0.99258,             0.98137,             0.99385,             0.69946,            0.025393,            0.013877,           0.0018711,           0.0010912,           0.0010912,            0.010391
                 227,            0.034916,            0.018418,           0.0037312,             0.99671,             0.98141,              0.9938,             0.70056,            0.025692,            0.013892,           0.0018661,            0.001081,            0.001081,            0.009981
                 228,            0.033448,            0.022903,           0.0025196,             0.99851,             0.97531,             0.99374,             0.69906,            0.025269,            0.013873,           0.0018658,           0.0010714,           0.0010714,           0.0095714
                 229,            0.028449,            0.018629,           0.0025448,             0.99856,             0.97531,             0.99364,             0.69984,            0.025427,            0.013885,           0.0018662,           0.0010622,           0.0010622,           0.0091622
                 230,             0.03227,            0.018288,            0.003158,             0.99837,             0.97531,             0.98932,             0.70938,            0.025157,            0.013885,            0.001864,           0.0010535,           0.0010535,           0.0087535
                 231,            0.036089,            0.019354,           0.0023765,             0.99815,             0.97529,             0.98932,             0.67996,             0.02684,            0.014069,           0.0018409,           0.0010453,           0.0010453,           0.0083453
                 232,            0.031728,            0.021298,           0.0026662,             0.99819,             0.97531,             0.98932,             0.70368,            0.025449,            0.013943,           0.0018449,           0.0010377,           0.0010377,           0.0079377
                 233,            0.032794,            0.020467,           0.0030596,              0.9976,             0.97459,             0.98932,             0.70709,            0.024973,             0.01384,           0.0018197,           0.0010306,           0.0010306,           0.0075306
                 234,            0.032948,            0.021214,           0.0029021,              0.9893,             0.98148,             0.98924,              0.6761,            0.027423,            0.014103,           0.0018249,           0.0010241,           0.0010241,           0.0071241
                 235,             0.03327,            0.022818,           0.0027053,             0.98904,             0.98146,             0.98902,             0.68361,            0.026371,            0.013926,           0.0017797,           0.0010182,           0.0010182,           0.0067182
                 236,            0.030737,            0.023159,           0.0021334,             0.98996,             0.98148,             0.98912,             0.68831,            0.026139,            0.013888,           0.0017885,           0.0010128,           0.0010128,           0.0063128
                 237,            0.029662,            0.019704,           0.0016642,             0.98974,             0.98148,             0.98912,             0.68938,             0.02532,            0.013718,           0.0017655,            0.001008,            0.001008,            0.005908
                 238,            0.031788,            0.023915,           0.0029049,             0.99623,             0.98141,             0.98954,             0.70284,            0.024848,            0.013685,           0.0017611,           0.0010038,           0.0010038,           0.0055038
                 239,            0.035007,            0.020246,           0.0044437,             0.99027,             0.98145,             0.98918,             0.70194,            0.024816,            0.013671,           0.0017447,           0.0010002,           0.0010002,           0.0051002
                 240,            0.028987,            0.022827,           0.0020578,                0.99,             0.98145,             0.98924,             0.69558,            0.024768,            0.013659,           0.0017394,          0.00099717,          0.00099717,           0.0046972
                 241,            0.030035,            0.020913,           0.0026804,             0.99545,             0.98139,              0.9896,             0.67196,            0.026555,             0.01384,           0.0017338,           0.0009948,           0.0009948,           0.0042948
                 242,             0.03455,            0.020502,           0.0030749,             0.98786,              0.9814,              0.9893,              0.6968,             0.02543,            0.013612,           0.0017174,          0.00099306,          0.00099306,           0.0038931
                 243,            0.031765,            0.023886,            0.002525,             0.99422,             0.98144,              0.9896,             0.69386,            0.025539,             0.01366,           0.0017275,          0.00099196,          0.00099196,            0.003492
                 244,            0.030839,            0.018364,           0.0024174,             0.98702,             0.98146,             0.99357,             0.70179,            0.024612,            0.013431,           0.0017137,          0.00099152,          0.00099152,           0.0030915
                 245,            0.033957,            0.018203,           0.0062449,             0.99994,              0.9731,              0.9938,             0.70918,            0.024643,            0.013387,           0.0017112,          0.00099173,          0.00099173,           0.0026917
                 246,            0.029763,            0.018847,           0.0021188,                   1,             0.97315,             0.99385,             0.71389,            0.024132,            0.013356,           0.0017184,          0.00099261,          0.00099261,           0.0022926
                 247,            0.030202,            0.020571,           0.0023108,             0.99343,             0.97525,             0.99379,             0.71772,            0.024326,            0.013356,           0.0017262,          0.00099417,          0.00099417,           0.0018942
                 248,            0.030022,            0.021284,           0.0026552,                   1,              0.9708,             0.99363,             0.71156,            0.024322,            0.013369,           0.0017085,          0.00099641,          0.00099641,           0.0014964
                 249,            0.029398,            0.023156,            0.002444,                   1,             0.96991,             0.99358,             0.70265,            0.025165,            0.013431,           0.0017089,          0.00099935,          0.00099935,           0.0010994
